Id,City,State,Country,EnteredAt
17651,Lake Adelle,Kansas,US,5/13/2022 5:33:10 PM
18348,Hayesland,Kansas,US,5/13/2022 5:33:10 PM
17863,Port Alisonside,Colorado,US,5/13/2022 5:33:10 PM
12639,Lockmanhaven,Wyoming,US,5/13/2022 5:33:10 PM
17069,Simeonfurt,Mississippi,US,5/13/2022 5:33:10 PM
13444,Port Lourdes,Kentucky,US,5/13/2022 5:33:10 PM
13081,East Laurencetown,Hawaii,US,5/13/2022 5:33:10 PM
15595,North Sophie,Alaska,US,5/13/2022 5:33:10 PM
19099,Leonieville,Wisconsin,US,5/13/2022 5:33:10 PM
13137,Hoytfort,Alaska,US,5/13/2022 5:33:10 PM
